signal_model,allocation,annual_return,annual_volatility,sharpe,sortino,max_drawdown,calmar,trades,unique_pairs_traded,average_active_pairs,maximum_active_pairs,average_capital_deployed,maximum_capital_deployed
Distance,Equal-weight active pairs,-0.014401731177762667,0.03274824222638824,-0.4266046312076816,-0.632759844775143,-0.1764558600344447,-0.08161662171463961,24540,1289,155.7998163452709,258,0.8838383838383839,1.0000000000000002
Distance,Inverse-volatility,-0.004972381840757434,0.03739509541230978,-0.11467264499064606,-0.16017038335494624,-0.15186217983285277,-0.03274272663694338,24540,1289,155.7998163452709,258,0.8838383838383839,1.0000000000000004
Distance,Constrained minimum-variance,-0.014378097824160774,0.03275524710928956,-0.42577439898898173,-0.6314363396046306,-0.1766909159393345,-0.08137428994424017,24540,1289,155.7998163452709,258,0.8838383838383839,1.0000000000000002
Kalman,Equal-weight active pairs,0.02268694953841921,0.10642034074269974,0.2639441136557783,0.3282239013097023,-0.2339809201702685,0.0969606817594779,1185,584,3.98989898989899,147,0.5564738292011019,1.0000000000000002
Kalman,Inverse-volatility,0.030166583009303194,0.10455057916407819,0.3365690112727973,0.40717561456413215,-0.19380338619571713,0.15565560334863668,1185,584,3.98989898989899,147,0.5322543617998163,1.0000000000000002
Kalman,Constrained minimum-variance,0.020865125114835292,0.10760157480409763,0.2456612564002451,0.30309189645102197,-0.22115419172232298,0.094346505270102,1185,584,3.98989898989899,147,0.5564738292011019,1.0000000000000002
FactorResidual,Equal-weight active pairs,-0.00019299295947661221,0.06099219648768274,0.026154996475742397,0.044943635573498786,-0.10793724746563127,-0.0017880107563245382,26938,1390,146.55463728191,244,0.8838383838383839,1.0000000000000002
FactorResidual,Inverse-volatility,-0.011669102626269301,0.04198607627706853,-0.25850048633299993,-0.2803048244929747,-0.174660514975435,-0.06681019249204946,26938,1390,146.55463728191,244,0.8838383838383839,1.0000000000000004
FactorResidual,Constrained minimum-variance,0.0004285734935145502,0.06099708073773737,0.03634673236886998,0.062486736919989544,-0.10768490353070703,0.003979884639933208,26938,1390,146.55463728191,244,0.8838383838383839,1.0000000000000002
