year,annual_return,annual_volatility,sharpe,sortino,max_drawdown,signal_model,allocation
2018,0.0,0.0,,,0.0,Distance,Equal-weight active pairs
2019,0.0018281950780068001,0.015260250994769178,0.12729430658302035,0.17394597817568094,-0.027008258050443046,Distance,Equal-weight active pairs
2020,0.015262593655942958,0.05195750170247386,0.31735539784711775,0.5629826460428211,-0.0368612358412127,Distance,Equal-weight active pairs
2021,-0.03226872733544828,0.02487880788036185,-1.3059532089634436,-2.5015302852739243,-0.04205020988388708,Distance,Equal-weight active pairs
2022,-0.006783488360808554,0.03813668868815463,-0.15950401230179895,-0.29826204829023256,-0.034807351294513844,Distance,Equal-weight active pairs
2023,0.0039246144521767334,0.026251614407544952,0.16227631434363596,0.2671571682762542,-0.03328726313158681,Distance,Equal-weight active pairs
2024,-0.041354508184417216,0.02730266589804991,-1.5331535788258799,-2.4994792021678043,-0.05651779145658964,Distance,Equal-weight active pairs
2025,-0.04829414003448862,0.04649626686003589,-1.0413293285326721,-1.5180322233633103,-0.07265638415842957,Distance,Equal-weight active pairs
2026,-0.022935162966168154,0.032549992773221646,-0.6966095898460115,-1.094847148078528,-0.04396659265054226,Distance,Equal-weight active pairs
2018,0.0,0.0,,,0.0,Distance,Inverse-volatility
2019,0.05613923768882456,0.023310497434435952,2.3549900055199777,4.638256014536072,-0.021710424854113675,Distance,Inverse-volatility
2020,0.040581138234193626,0.04798795064974347,0.8528866064715661,1.244163007128754,-0.02368182944685082,Distance,Inverse-volatility
2021,-0.041480163249251745,0.02998806517668894,-1.397670985300263,-2.0064559561576534,-0.054561579462170995,Distance,Inverse-volatility
2022,0.000503581995328739,0.034956503514190856,0.03179984806685918,0.056242039208075405,-0.03058260973723037,Distance,Inverse-volatility
2023,-0.05581120364569503,0.0351409586126353,-1.6165546104622421,-2.0904126416993765,-0.0702753334608448,Distance,Inverse-volatility
2024,0.011574387781686735,0.03333442599632971,0.36182701555269764,0.5647176605226407,-0.02963806626366461,Distance,Inverse-volatility
2025,-0.021995641053470183,0.062485875530932315,-0.3250979562039094,-0.5021804947348739,-0.06862360180446048,Distance,Inverse-volatility
2026,-0.04172768378379632,0.03694349555120618,-1.1352952427216212,-1.7445768979492058,-0.05476365582881337,Distance,Inverse-volatility
2018,0.0,0.0,,,0.0,Distance,Constrained minimum-variance
2019,0.0019688600984633098,0.015457673435136664,0.13494681913905102,0.18230360158997042,-0.027069715564515984,Distance,Constrained minimum-variance
2020,0.01561892357165573,0.05193732266334979,0.3242154269538013,0.5753748869357685,-0.036861235841212814,Distance,Constrained minimum-variance
2021,-0.032544937120629336,0.024876269293902593,-1.3175627418777949,-2.5142318816764484,-0.04232362783907384,Distance,Constrained minimum-variance
2022,-0.006783488360808554,0.03813668868815463,-0.15950401230179895,-0.29826204829023256,-0.034807351294513844,Distance,Constrained minimum-variance
2023,0.0039246144521767334,0.026251614407544952,0.16227631434363596,0.2671571682762542,-0.03328726313158681,Distance,Constrained minimum-variance
2024,-0.041354508184417216,0.02730266589804991,-1.5331535788258799,-2.4994792021678043,-0.05651779145658964,Distance,Constrained minimum-variance
2025,-0.04829414003448862,0.04649626686003589,-1.0413293285326721,-1.5180322233633103,-0.07265638415842957,Distance,Constrained minimum-variance
2026,-0.022935162966168154,0.032549992773221646,-0.6966095898460115,-1.094847148078528,-0.04396659265054226,Distance,Constrained minimum-variance
2018,0.0,0.0,,,0.0,Kalman,Equal-weight active pairs
2019,-0.059764429843276456,0.061674277342511734,-0.9683801832793617,-1.3615241844437067,-0.08424078769019783,Kalman,Equal-weight active pairs
2020,0.12985897875739028,0.13509724067459952,0.9713611609486237,1.2394240601182223,-0.15461818378816294,Kalman,Equal-weight active pairs
2021,-0.11112188503923681,0.10097205893121275,-1.1160701096169037,-1.5142275952640771,-0.14995585902782482,Kalman,Equal-weight active pairs
2022,0.004887669190125399,0.13225770481707466,0.10272689367947051,0.14474072430545218,-0.13445043294384273,Kalman,Equal-weight active pairs
2023,-0.00907422015342807,0.07155506201033072,-0.09154519543651524,-0.07462469864827688,-0.049880750326405154,Kalman,Equal-weight active pairs
2024,0.10625290982809621,0.10901876258439938,0.980417802650206,1.5567019675067462,-0.08550449611376387,Kalman,Equal-weight active pairs
2025,0.14886801163885366,0.12299081125413801,1.189594405564951,1.832561500164457,-0.07875787958247993,Kalman,Equal-weight active pairs
2026,0.0248460191519273,0.1568495476298206,0.2344589326091374,0.34111534808935007,-0.07822761671952538,Kalman,Equal-weight active pairs
2018,0.0,0.0,,,0.0,Kalman,Inverse-volatility
2019,-0.06377293562315578,0.05572833348249629,-1.154605318802091,-1.7391520983496476,-0.08085098581312822,Kalman,Inverse-volatility
2020,0.09467813952847481,0.1381790744769683,0.7241887449367811,0.8263103784470874,-0.17063354781584905,Kalman,Inverse-volatility
2021,-0.07277093543739199,0.0963774135786243,-0.7358715690670562,-1.014144138964818,-0.11181391600111723,Kalman,Inverse-volatility
2022,0.017817988730286505,0.12623708900535754,0.2027971276302741,0.2704472619410793,-0.11040541748286137,Kalman,Inverse-volatility
2023,0.031611604548189565,0.06387164678475984,0.5191175406335864,0.5028437955182702,-0.03457730070305465,Kalman,Inverse-volatility
2024,0.09789401947702281,0.10987506349644621,0.9044982798570024,1.4468604090593025,-0.06085568693705201,Kalman,Inverse-volatility
2025,0.13867014690979484,0.11743699123507619,1.1643492545666512,1.914140991310296,-0.09624294059288185,Kalman,Inverse-volatility
2026,0.05712084801855921,0.16221428064484905,0.4232863575719397,0.5881043814261037,-0.07231721736631003,Kalman,Inverse-volatility
2018,0.0,0.0,,,0.0,Kalman,Constrained minimum-variance
2019,-0.07352152013368807,0.06601370316697931,-1.1237151130393759,-1.4287463366603026,-0.09857759467014027,Kalman,Constrained minimum-variance
2020,0.1608007151972486,0.1247232233980684,1.2581213413576633,1.5925054426360132,-0.1090539179405291,Kalman,Constrained minimum-variance
2021,-0.0840665124212947,0.10226136976029453,-0.8076730202735392,-1.1204345534635416,-0.13166974795076158,Kalman,Constrained minimum-variance
2022,0.024936450181071157,0.12920392361511984,0.25486261566368207,0.3835015820880548,-0.13663694697722562,Kalman,Constrained minimum-variance
2023,-0.019093528780550928,0.07143467524779905,-0.2340731554171857,-0.19025783574524496,-0.05941160169337467,Kalman,Constrained minimum-variance
2024,0.12062939038568654,0.11044073213562493,1.0862519079753088,1.5845890173659252,-0.07166940692090229,Kalman,Constrained minimum-variance
2025,0.13626307170767582,0.13039606496737252,1.0446251955521526,1.528227709843185,-0.08717492442614017,Kalman,Constrained minimum-variance
2026,-0.07696775978783221,0.1693269156074791,-0.38867925871101616,-0.5765029011399126,-0.11511083215401119,Kalman,Constrained minimum-variance
2018,0.0,0.0,,,0.0,FactorResidual,Equal-weight active pairs
2019,0.00031540136322849577,0.01503622358286218,0.02846140132942241,0.04690342610385663,-0.025726715761861807,FactorResidual,Equal-weight active pairs
2020,0.016083393649491295,0.040288309550091536,0.4160757514557234,0.6985161644398579,-0.029292834597625883,FactorResidual,Equal-weight active pairs
2021,-0.026329342639982545,0.02912836861283955,-0.9014691471358367,-1.4898547741617463,-0.03271721040868092,FactorResidual,Equal-weight active pairs
2022,-0.027434939720052287,0.02531510395458106,-1.0862151627443826,-1.7491580767619215,-0.031579575469942056,FactorResidual,Equal-weight active pairs
2023,0.09699162053321775,0.16398571200294287,0.6425499225364266,1.212080106346266,-0.06497957219009609,FactorResidual,Equal-weight active pairs
2024,-0.011567167422229074,0.022006957553438483,-0.5177080527308964,-0.8260526361644716,-0.03301032407873372,FactorResidual,Equal-weight active pairs
2025,-0.045854145912008315,0.032964003220428556,-1.4073733821579502,-1.8067582608494606,-0.04992022967776366,FactorResidual,Equal-weight active pairs
2026,0.004160989372674839,0.030706672114308744,0.150463462955605,0.2654134747311994,-0.021714048548157172,FactorResidual,Equal-weight active pairs
2018,0.0,0.0,,,0.0,FactorResidual,Inverse-volatility
2019,0.016366855551684267,0.02362021847632022,0.699086500403616,1.1206868976744215,-0.026797801273908184,FactorResidual,Inverse-volatility
2020,0.04493386136664368,0.04706492786523371,0.9574502511939649,1.2193807706936537,-0.04758280213370747,FactorResidual,Inverse-volatility
2021,-0.041829208002275076,0.055776809328175934,-0.7378203810364563,-0.6746052530454684,-0.07108356926019166,FactorResidual,Inverse-volatility
2022,-0.09517942678929281,0.03713852011443132,-2.6740308191098716,-2.8905857139250664,-0.09520596574966178,FactorResidual,Inverse-volatility
2023,-0.013371893317119299,0.04962722356892462,-0.24661421109295445,-0.3356680492514938,-0.05707435242727921,FactorResidual,Inverse-volatility
2024,0.034540792662629105,0.038596274853362984,0.8990946609430338,1.2657980195549166,-0.039172276476752144,FactorResidual,Inverse-volatility
2025,-0.02616814961107483,0.04703923882468709,-0.5402193708575581,-0.6360008543881736,-0.05286850752453154,FactorResidual,Inverse-volatility
2026,-0.02054223536606703,0.05267395920041011,-0.3678290895469688,-0.457963805698299,-0.03518564223573761,FactorResidual,Inverse-volatility
2018,0.0,0.0,,,0.0,FactorResidual,Constrained minimum-variance
2019,0.005418620176464106,0.015223268951013724,0.3625670417119166,0.6285674669163529,-0.024809030553953226,FactorResidual,Constrained minimum-variance
2020,0.016083393649491295,0.040288309550091536,0.4160757514557234,0.6985161644398579,-0.029292834597625883,FactorResidual,Constrained minimum-variance
2021,-0.026053913714944144,0.029120259763060683,-0.8920165444805148,-1.472789026429968,-0.032443588463794804,FactorResidual,Constrained minimum-variance
2022,-0.027434939720052287,0.02531510395458106,-1.0862151627443826,-1.7491580767619215,-0.031579575469942056,FactorResidual,Constrained minimum-variance
2023,0.09699162053321775,0.16398571200294287,0.6425499225364266,1.212080106346266,-0.06497957219009609,FactorResidual,Constrained minimum-variance
2024,-0.011567167422229074,0.022006957553438483,-0.5177080527308964,-0.8260526361644716,-0.03301032407873372,FactorResidual,Constrained minimum-variance
2025,-0.045854145912008315,0.032964003220428556,-1.4073733821579502,-1.8067582608494606,-0.04992022967776366,FactorResidual,Constrained minimum-variance
2026,0.004160989372674839,0.030706672114308744,0.150463462955605,0.2654134747311994,-0.021714048548157172,FactorResidual,Constrained minimum-variance
